Questioncode,tyeofattachment(or),tyeofquestion(attachmentorlausibility),tyeofmeasure(answeror),subj1,subj2,subj3,subj4,subj5,subj6,subj7,subj8,subj9,subj10,subj11,subj12,subj13
11,1,1,1,1,1,1,1,1,1,1,1,1,0,1,1,1
110,1,1,1,1,1,1,1,1,1,1,1,1,1,1,0,1
110,1,1,2,8.27,4.34,10.63,9.52,7.94,23.91,9.71,5.3,7.21,6.6,8.94,7.64,7.78
111,1,1,1,1,1,1,1,1,0,1,1,1,1,1,1,1
111,1,1,2,10.13,8.02,7.17,7.58,5.87,8.65,12.81,7.47,5.26,4.09,7.12,6.93,6.67
112,1,1,1,1,1,1,0,1,1,1,1,1,1,1,1,1
112,1,1,2,8.39,4.52,5.07,8.93,7.32,6.11,15.04,8.56,6.88,6.9,6.66,7.7,5.51
113,1,1,1,1,1,0,0,1,1,1,1,1,1,0,1,1
113,1,1,2,7.82,7.67,8.23,7.73,5.85,6.49,6.99,4.92,7.42,3.03,8.99,9.79,3.64
114,1,1,1,1,1,1,1,1,1,1,1,1,1,1,1,1
114,1,1,2,5.46,4.96,7.09,5.88,4.43,4.24,6.83,4.15,3.96,2.61,4.59,6.52,5.28
115,1,1,1,0,1,1,0,1,0,0,1,1,1,0,1,1
115,1,1,2,9.67,4.89,6.48,10.9,8.33,21.31,13.91,17.99,7.58,4.01,10.31,13.49,8.25
116,1,1,1,1,1,1,1,1,1,1,1,1,1,0,1,1
116,1,1,2,6.6,5.38,5.74,8.41,7.64,7.15,10.42,7.04,3.57,7.83,7.57,7.56,6.81
117,1,1,1,1,1,1,1,1,1,1,1,1,1,1,1,1
117,1,1,2,8.33,4.59,6,7.58,8.03,8.46,15.27,7.27,7.14,5.58,6.97,11.44,5.54
118,1,1,1,1,1,1,1,1,1,0,1,1,1,1,1,1
118,1,1,2,7.54,4.43,7.48,8.43,9.78,9.26,10.4,8.26,5.17,4.13,5.98,9.28,7.57
119,1,1,1,1,1,1,1,1,1,0,1,1,1,1,1,1
119,1,1,2,9.02,10.2,8.42,7.79,6.95,6.86,5.43,7.42,7.58,4.22,6.21,7.3,7.89
11,1,1,2,6.9,4.94,3.68,4.97,6.02,6.98,10.03,5.49,6.18,5.33,3.77,7.76,4.64
12,1,1,1,1,1,1,1,1,1,1,1,1,1,1,1,1
120,1,1,1,1,0,1,1,1,0,1,1,1,1,0,1,1
120,1,1,2,7.94,6.03,6.94,6.71,7.86,13.91,8.31,8.58,6.36,8.23,6.78,8.44,5.98
121,1,1,1,1,1,1,1,1,1,1,1,1,1,1,1,1
121,1,1,2,5.99,5.21,4.7,5.8,7.21,6.36,8.55,6.43,5.44,5.34,4,7.88,5.07
122,1,1,1,1,1,1,1,1,1,0,0,1,1,1,1,1
122,1,1,2,10.18,8.4,12.12,12.48,4.93,9.77,9.75,8.56,5.65,4.5,9.86,6.65,7.34
123,1,1,1,1,1,1,1,1,1,1,1,1,1,1,1,1
123,1,1,2,7.44,7.55,5.83,8.31,7.64,8.96,4.98,6.68,5.41,5.73,7.62,7.6,6.78
124,1,1,1,0,1,0,1,1,1,0,1,1,1,1,1,1
124,1,1,2,15.68,6.7,9.66,10.44,15.63,9.81,12.39,6.82,6.53,2.54,7.27,6.76,7.38
125,1,1,1,0,1,1,1,1,1,1,0,1,1,1,1,1
125,1,1,2,10.43,4.67,6.49,6.21,7.82,8.54,8.83,5.53,5,4.81,12.61,8.31,6.85
126,1,1,1,1,1,1,1,1,1,1,1,1,1,1,1,1
126,1,1,2,8.39,5.51,6.91,6.32,6.89,6.13,8.25,6.51,3.75,6.67,5.05,7.12,4.99
127,1,1,1,1,1,1,1,1,1,1,1,1,1,1,1,1
127,1,1,2,6.35,6.89,5.5,6.03,4.88,5.63,8,5.21,4.82,2.95,5.96,5.74,7.29
128,1,1,1,1,1,1,1,1,1,1,1,1,1,1,1,1
128,1,1,2,7.05,4.45,4.95,5.91,5.74,5.12,14.73,5.33,4.5,3.72,5.1,7.67,5.74
129,1,1,1,1,1,1,1,1,1,1,1,1,1,1,1,1
129,1,1,2,7.63,4.45,8.48,8.65,6.44,7.86,8.79,6.14,7.9,3.2,7.6,8.38,6.47
12,1,1,2,7.89,6.17,8.82,8.2,8.55,7.49,14.63,10.1,4.39,3.13,8.29,7.8,6.53
13,1,1,1,1,1,1,0,1,1,0,1,1,1,1,1,1
130,1,1,1,1,1,1,1,1,1,1,1,1,1,1,0,1
130,1,1,2,8.65,6.1,5.24,5.8,8.04,6.95,13.14,5.67,4.18,3.6,5.67,9.48,6.31
131,1,1,1,1,1,1,1,1,1,1,1,1,1,1,1,1
131,1,1,2,6.55,6.14,5.49,7.2,5.49,7.31,14.66,6.79,5.27,6.41,7.07,4.69,6.88
132,1,1,1,1,1,1,1,1,1,1,1,1,1,1,1,1
132,1,1,2,6.39,7.45,6.21,5.92,4.7,7.44,6.81,5.49,4.36,3.63,7.05,6.49,7.14
133,1,1,1,0,0,1,0,0,1,1,1,1,1,1,1,1
133,1,1,2,10.7,11.08,9.36,9.05,6.87,4.8,7.96,7.32,6.15,7.76,5.87,7.69,4.92
134,1,1,1,1,0,1,1,0,0,1,0,1,0,0,1,0
134,1,1,2,6.19,6.2,6.97,8.71,7.15,14.2,6.57,6.47,8.34,5.91,7.92,6.77,5.51
135,1,1,1,1,1,1,1,0,1,0,0,1,1,1,1,1
135,1,1,2,5.14,4.36,5.82,6.31,5.77,5.85,9.07,8.86,4.27,3.76,5.58,5.6,5.23
136,1,1,1,1,1,1,1,1,1,1,1,1,1,1,1,1
136,1,1,2,7.57,6.07,5.92,6.72,4.63,9.12,7.49,5.87,6.83,3.71,7.97,9.35,6.31
137,1,1,1,1,1,1,1,1,1,1,1,1,1,0,1,1
137,1,1,2,6.16,5.58,5.05,5.87,5.82,7.97,8.24,6.38,9.27,4.18,10.38,8.17,7.15
138,1,1,1,1,1,1,1,1,1,1,1,1,1,1,1,1
138,1,1,2,6.19,7.95,4.8,7.03,5.53,8.39,8.55,7.07,4.13,6.15,6.61,14.54,7.48
139,1,1,1,1,1,0,1,0,1,1,1,1,1,1,1,1
139,1,1,2,7.82,6.99,6.69,8.35,7.19,8.01,15.52,3.7,5.38,4.5,12.81,9.23,8.24
13,1,1,2,8.56,5.68,6.15,9.71,10.57,8.99,6.09,6.51,4.91,2.12,10.09,7.66,5.59
14,1,1,1,1,1,1,1,1,1,1,0,1,1,1,1,1
140,1,1,1,1,1,1,1,1,1,1,1,1,1,1,1,1
140,1,1,2,6.09,5.48,6.01,4.99,5.53,5.68,10.26,5.1,5.58,5.68,6.61,5.28,5.59
141,1,1,1,1,1,1,1,1,0,0,1,1,1,1,1,1
141,1,1,2,9.3,8.19,5.96,9.62,5.84,7.31,17.87,10.39,4.75,8.4,7.7,6.54,6.33
142,1,1,1,1,1,1,1,1,1,1,1,1,1,1,1,1
142,1,1,2,6.58,6.21,5.11,4.63,7.41,6.22,6.98,4.98,3.77,1.78,3.81,8.25,5.26
143,1,1,1,1,1,1,0,1,1,1,1,1,1,1,1,1
143,1,1,2,4.71,3.04,6.42,5.71,5.56,4.58,11.12,4.56,5.42,3.47,4.08,8.59,6.08
144,1,1,1,1,1,1,1,1,1,1,1,1,1,1,1,1
144,1,1,2,6.36,7.2,12.32,7.08,5.96,6.14,8.1,5.4,3.83,3.28,6.83,10.96,5.52
145,1,1,1,1,1,1,1,1,0,0,1,1,1,0,1,1
145,1,1,2,7.28,4.94,10.11,8.19,8.32,9.42,4.67,9.41,5.54,10.39,8.67,9.46,7.1
146,1,1,1,1,1,1,1,1,1,1,0,1,1,0,1,1
146,1,1,2,9.68,4.19,7.16,8.57,6.04,4.01,6.17,8.53,3.14,3.47,6.27,6.33,5.55
147,1,1,1,1,1,1,1,1,1,1,1,1,1,1,1,1
147,1,1,2,9.47,7.42,9.93,4.89,6.08,7.01,8.31,6.22,5.26,4.13,8.16,8.07,6.44
148,1,1,1,1,1,1,1,1,1,1,1,1,1,1,1,1
148,1,1,2,6.21,8.74,10.63,8.24,4.9,6.94,9.63,5.66,4.47,5.1,5.61,9.24,5.41
149,1,1,1,1,1,1,1,1,1,1,1,1,1,1,1,1
149,1,1,2,8.19,4.37,7.08,5.28,4.75,10.81,7.3,5.79,5.09,6.08,8.19,7.73,6.47
14,1,1,2,10.42,4.98,5.52,4.6,5.07,8.54,9.68,6.6,6.32,3.35,6.21,6.09,4.65
15,1,1,1,0,1,0,1,1,1,1,1,1,0,0,1,1
150,1,1,1,1,1,1,1,1,1,1,1,1,1,1,1,1
150,1,1,2,12.24,5.71,4.39,4.14,5.3,5.19,12.75,8.65,4.08,2.9,4.72,4.61,5.61
15,1,1,2,9.11,8.9,9.5,6.17,7.01,6.02,10.14,7.81,8.35,6.31,12.24,8.05,5.62
16,1,1,1,1,1,1,1,1,1,1,1,1,1,1,1,1
16,1,1,2,8.47,4.63,7.88,6.54,7.19,6.94,13.88,12.09,6.28,4.24,7.01,7.13,5.48
17,1,1,1,1,1,1,1,1,1,0,0,1,1,0,1,0
17,1,1,2,6.14,5.97,8.48,8.56,6.26,6.24,14.95,7.78,4.12,2.38,8.9,5.79,6.69
18,1,1,1,1,1,1,1,1,1,1,1,1,1,1,1,1
18,1,1,2,8.94,5.68,8,4.96,4.63,6.48,7.56,6.06,5.05,4.55,5.55,8.73,5.84
19,1,1,1,0,0,0,0,0,0,0,0,1,1,1,1,0
19,1,1,2,9.46,7.24,6.64,9.29,23.3,8.1,8.96,10.27,11.5,4.83,10.48,8.85,7.59
21,1,1,1,1,1,1,1,1,1,0,1,1,1,0,1,1
210,1,1,1,1,1,1,1,1,1,1,1,1,1,1,1,1
210,1,1,2,7.83,6.5,6.5,7.43,4.76,5.79,10.19,3.59,5.74,3.33,4.74,9.9,5.76
211,1,1,1,1,1,1,1,1,1,1,1,1,1,1,1,1
211,1,1,2,7.44,6.76,5.22,11.06,7.56,5.03,6.15,4.4,3.9,5.18,4.72,9.1,4.59
212,1,1,1,1,1,1,1,0,1,0,1,1,0,1,1,1
212,1,1,2,9.32,5.81,13.83,7.33,20.08,6.34,12.96,4.33,4.1,1.85,6.04,8.14,4.7
213,1,1,1,0,0,0,0,0,0,1,0,0,0,0,0,0
213,1,1,2,12.8,6.86,6.59,6.03,5.73,10.81,9.72,15.82,7.56,14.72,10.48,13.32,6.89
214,1,1,1,1,1,0,1,1,1,0,1,0,1,1,1,1
214,1,1,2,7.42,4.61,6.29,10.08,7.32,6.96,8.94,8.39,5.24,4.72,5.77,7.15,5.69
215,1,1,1,1,1,0,1,1,0,1,1,1,0,1,1,1
215,1,1,2,6.34,4.47,5.1,6.49,6.44,5.69,7.7,4.66,5.45,4.12,5.2,8.74,5.37
216,1,1,1,1,1,1,1,1,1,1,1,1,1,1,1,1
216,1,1,2,4.99,6.15,5.07,5.23,7.44,6.94,7.34,5.97,3.58,7.2,4.67,6.27,4.68
217,1,1,1,1,1,0,1,1,0,0,1,1,0,0,1,1
217,1,1,2,6.55,8.9,9.41,6.52,5.95,23.38,9.48,9.74,6.64,4.29,9.7,12.02,8.51
218,1,1,1,1,1,0,0,0,1,0,0,0,1,1,1,1
218,1,1,2,5.86,4.82,12.74,5.84,6.46,13.84,7.37,8.96,10.31,4.58,4.95,7.4,8.81
219,1,1,1,0,1,1,1,1,1,1,1,1,1,1,1,1
219,1,1,2,7.02,6.35,5.99,8.98,6.74,8.28,7.23,3.91,4.3,3.38,5.46,7.54,8.52
21,1,1,2,5.59,5.35,5.88,4.65,8.2,4.9,6.03,5,6.08,1.66,6.07,7.23,6.11
22,1,1,1,1,1,1,1,1,1,0,1,0,1,1,0,1
220,1,1,1,0,0,0,1,1,0,0,1,0,1,1,0,1
220,1,1,2,8.33,8.16,7.69,9.55,7.1,27.71,12.39,10.5,9.57,6.37,6,14.93,6.69
221,1,1,1,1,1,1,1,1,0,1,1,1,1,1,1,1
221,1,1,2,7.52,4.98,8.85,5.05,9.63,5.37,13.66,3.86,3.22,4.85,5.71,7.08,6.86
222,1,1,1,1,0,1,1,0,0,1,1,0,1,1,1,0
222,1,1,2,10.64,6.75,10.64,10.66,7.25,13.77,7.53,13.04,6.97,4.38,13.25,13.71,6.09
223,1,1,1,1,1,1,1,1,0,1,1,1,0,1,1,1
223,1,1,2,6.48,7.46,9.02,5.42,6.05,6.23,14.16,5.71,4.93,3.23,5.74,9.38,8.61
224,1,1,1,0,1,1,1,0,0,0,0,1,1,0,0,1
224,1,1,2,7.98,5.19,8.24,6.81,10.19,5.49,7.58,6.45,5.19,3.05,6.46,5.64,9.95
225,1,1,1,1,1,1,1,1,1,1,1,1,1,1,0,1
225,1,1,2,9.51,4.49,6.38,13.05,6.36,7.34,8.22,6.29,5.04,5.1,8.62,11.68,7.15
226,1,1,1,1,1,1,1,0,1,1,1,1,1,1,1,1
226,1,1,2,7.87,6.04,9.28,8.57,7.09,8.31,7.04,6.02,9.56,6.46,8.16,5.9,7.67
227,1,1,1,1,1,1,0,1,1,1,1,1,1,1,1,1
227,1,1,2,7.8,5.24,5.22,6.37,5.51,7.58,4.56,4.23,8.53,4.46,4.32,8.21,5.57
228,1,1,1,1,1,1,1,0,1,1,1,1,1,1,0,1
228,1,1,2,8.64,6.27,9,10.8,7.94,12.71,8.53,7.7,7.53,3.6,12.94,10.41,5
229,1,1,1,1,1,1,1,1,1,0,1,1,1,1,1,1
229,1,1,2,6.83,5.21,7.94,5.83,6.87,26.39,5.88,8.11,5.62,4.1,4.43,8.33,5.17
22,1,1,2,8.38,5.84,7.45,7.41,6.06,10.54,10.59,8.05,12.62,7.85,6.96,9.01,4.65
23,1,1,1,1,1,1,1,1,1,1,1,1,1,1,1,1
230,1,1,1,1,1,1,1,1,1,1,1,1,1,1,1,1
230,1,1,2,8.53,9.47,7.33,7.52,5.48,13.73,10.06,5.62,5.29,5.7,5.08,7.18,4.48
23,1,1,2,5.34,9.37,6.65,6.74,5,8.9,8.25,3.44,4.68,4.51,4.88,6.16,4.55
24,1,1,1,1,0,1,1,1,1,1,1,0,1,1,1,0
24,1,1,2,7.98,9.35,6.34,11.84,7.34,18.42,9.18,6.33,6.22,5.49,6.03,7.87,7.54
25,1,1,1,1,0,1,0,1,1,1,1,1,0,0,0,1
25,1,1,2,7.57,5.1,6.66,4.8,6.57,7.02,9.01,7.05,9.22,2.58,4.88,5.87,5.56
26,1,1,1,1,1,1,1,1,1,0,1,0,1,1,0,1
26,1,1,2,7.38,6.65,4.58,9.26,6.31,8.43,10.23,5.92,4.27,6.34,10.43,6.9,4.08
27,1,1,1,1,1,1,1,1,1,1,1,1,1,1,1,1
27,1,1,2,12.89,4.67,5.4,4.34,6.04,4.4,12.62,5.14,7.08,5.05,7.69,9.29,4.82
28,1,1,1,1,1,1,1,1,1,1,1,1,1,1,1,1
28,1,1,2,8.55,6.63,6.17,6.86,5.39,5.44,9.77,6.41,6.85,6.75,8.25,7.25,5.33
29,1,1,1,1,1,1,1,0,1,1,1,0,1,1,1,0
29,1,1,2,7.2,6.8,5.09,7.4,7.21,9.98,5.55,7.65,3.84,3.58,7.09,7.23,8.51
110,1,2,1,5,5,2,4,2,1,4,4,3,4,2,2,2
110,1,2,2,3.85,1.63,3.77,2.47,4.05,3.77,3.62,1.71,1.53,3.62,5.73,9.73,5.38
111,1,2,1,3,5,3,4,5,1,3,3,5,3,4,4,4
111,1,2,2,3.35,5.48,3.88,2.61,2.73,4.23,3.96,1.75,1.55,1.9,2.08,4.42,3.63
112,1,2,1,2,5,4,4,4,5,1,2,2,1,3,4,2
112,1,2,2,4.32,2.6,4.82,2.5,2.62,4.6,5.88,3.6,2.48,2.89,2.59,4.14,2.32
113,1,2,1,4,2,1,3,4,1,4,5,3,1,2,5,4
113,1,2,2,3.95,2.56,1.94,2.55,2.24,4.02,1.91,2.42,2.44,1.58,1.72,5.44,2.58
114,1,2,1,5,5,4,5,5,5,5,5,5,1,4,5,3
114,1,2,2,2.63,1.37,4.56,2.45,2.71,2.33,3.53,1.62,1.74,2.2,3.61,3.96,2.66
115,1,2,1,4,4,4,3,2,2,1,3,3,1,4,3,2
115,1,2,2,2.92,2.38,3.76,3.03,2.3,5.39,2.94,2.98,1.78,1.46,1.96,3.93,2.49
116,1,2,1,2,4,4,2,2,1,1,3,5,1,3,3,2
116,1,2,2,7.7,2.74,7.4,3.12,3.03,3.02,2.8,2.47,1.92,2.97,4.03,6.86,4.1
117,1,2,1,3,5,5,2,2,5,3,5,5,2,2,3,4
117,1,2,2,3.17,2.62,6.44,2.3,2.35,2.4,2.51,1.73,1.81,2.5,3.71,4.92,4.24
118,1,2,1,4,4,3,2,3,1,3,1,4,1,4,5,4
118,1,2,2,5.91,4.96,5.66,3.89,3.71,3.36,5.26,2.94,2.69,2.25,1.32,3.89,3.09
119,1,2,1,4,2,3,2,3,1,4,5,4,2,2,3,4
119,1,2,2,3.56,2.11,4.62,4.78,4.53,4.02,5.29,2,3.38,3.03,4.88,4.07,3.51
11,1,2,1,4,5,5,4,4,5,5,4,4,1,4,3,4
11,1,2,2,3.37,2.65,4.88,2.53,3.18,3.08,4.31,1.99,2.85,2.66,3.11,4,2.48
120,1,2,1,2,1,2,4,2,1,3,2,2,3,2,3,4
120,1,2,2,3.11,4.51,3.79,2.24,3.12,5.16,4.29,2.48,2.47,1.88,5.02,4.58,1.68
121,1,2,1,5,5,5,5,5,5,5,5,5,2,4,5,4
121,1,2,2,2.01,1.92,3.09,2.63,2.42,2.84,3.13,2.16,2.17,4.2,2.03,4.16,2.32
122,1,2,1,5,4,2,3,3,1,3,1,3,1,3,5,4
122,1,2,2,2.98,1.88,3.27,3.02,3.96,3.25,11.05,1.77,2.04,2.04,3.9,4.77,1.96
123,1,2,1,5,5,4,4,4,1,4,2,5,1,2,3,4
123,1,2,2,3.24,3.47,5.86,3.01,2.46,4.46,2.18,2.27,1.68,2.55,2.97,9.1,2.76
124,1,2,1,1,4,2,3,5,5,5,2,4,3,4,5,4
124,1,2,2,3.42,2.64,5.93,3.14,2.5,3.94,3.26,2.56,2.9,3.15,1.66,4.74,2.43
125,1,2,1,5,4,5,5,3,1,4,4,2,1,4,4,1
125,1,2,2,2.52,3.72,3.72,2.09,4.8,2.75,2.92,2.31,1.64,2.79,2.4,3.58,2.91
126,1,2,1,5,4,4,5,5,5,4,5,5,2,2,5,2
126,1,2,2,2.32,4.63,4.06,4.18,2.2,3.62,2.42,2.02,2.17,2.78,1.97,3.21,1.98
127,1,2,1,5,3,3,5,3,5,4,5,4,3,2,4,4
127,1,2,2,2.26,4.08,3.59,1.78,3.91,3.04,3.01,2.61,2.09,1.61,3.59,4.33,3.19
128,1,2,1,5,5,5,5,5,5,4,5,5,1,4,5,4
128,1,2,2,3.53,1.86,3.67,2.3,2.13,2.55,3.08,1.6,2.19,2.62,2.71,3.54,2.9
129,1,2,1,4,5,2,4,4,5,5,4,3,3,4,2,3
129,1,2,2,3.84,1.78,2.34,3.21,2.68,3.59,3.39,1.6,2.6,3.2,2.75,3.86,2.93
12,1,2,1,5,5,4,4,5,5,4,5,5,3,4,4,4
12,1,2,2,2.93,1.74,8.58,2.71,2.11,5.33,2.75,2.22,2.06,1.73,1.83,5.33,2.59
130,1,2,1,5,4,3,5,4,1,1,4,4,1,4,4,4
130,1,2,2,2.85,2.23,5.87,3.73,2.18,3.59,3.27,2.15,1.36,2.72,3.29,7.31,3
131,1,2,1,5,5,5,4,5,5,4,5,4,3,4,5,4
131,1,2,2,2.59,1.61,7.7,2.26,1.91,2.35,2.6,2.13,1.89,3.13,3.27,4.24,3.13
132,1,2,1,5,4,3,5,5,1,4,5,4,1,4,5,3
132,1,2,2,2.11,5.42,7.21,2.77,2.08,3.2,2.81,2.44,1.62,2.76,1.75,4.64,2.4
133,1,2,1,3,2,2,2,3,5,4,4,4,1,3,4,3
133,1,2,2,3.76,4.62,8.43,3.08,3.23,2.43,3.4,4.64,3.04,2.58,2.37,4.12,4.94
134,1,2,1,2,4,2,3,2,1,4,4,2,1,4,4,3
134,1,2,2,6.83,2.43,3.83,3.48,2.69,2.56,3.16,2.62,1.68,3.37,3.96,3.87,2.47
135,1,2,1,4,4,4,3,4,5,4,3,5,5,4,5,4
135,1,2,2,4.13,5.49,4.91,2.29,2.32,4.68,3.13,2.69,1.89,2.42,3.01,5.45,2.82
136,1,2,1,5,5,5,5,5,1,4,5,5,3,4,5,4
136,1,2,2,3.64,1.41,4.32,2.63,2.01,2.76,3.9,2.2,2.01,3.01,1.92,6.45,2.61
137,1,2,1,5,2,4,4,5,5,4,5,4,2,1,2,4
137,1,2,2,2.75,2.96,4.02,2.93,2.34,2.38,2.14,2.5,3.17,1.59,3.74,4.4,3.28
138,1,2,1,5,5,4,4,4,5,4,4,5,3,2,3,4
138,1,2,2,3.5,2.76,4.59,2.81,2.69,2.51,3.36,1.59,1.33,4.03,5.68,6.38,3.82
139,1,2,1,4,2,5,1,2,5,3,2,3,3,2,3,2
139,1,2,2,4.02,1.89,4.75,2.9,3.8,2.01,6.63,3.05,2.24,2.68,2.17,4.56,2.31
13,1,2,1,5,2,4,3,3,5,4,4,5,3,2,4,3
13,1,2,2,3.09,3.43,4.12,3.77,4.59,3.67,3.32,2.08,2.23,3.25,4.28,3.84,2.26
140,1,2,1,5,4,4,1,2,5,4,4,5,1,2,4,4
140,1,2,2,2.42,2.81,3.1,1.5,2.57,5.45,3.33,1.49,1.81,2.53,2.71,4.09,2.59
141,1,2,1,5,5,5,1,4,5,4,5,4,1,4,5,3
141,1,2,2,3.18,2.52,2.25,1.81,2.28,3.11,5.55,2.06,2.81,2.22,2.8,4.42,2.9
142,1,2,1,5,5,5,5,4,5,5,5,5,1,4,3,4
142,1,2,2,2.99,1.93,3.49,2.47,2.47,1.88,2.77,1.43,3.37,2.36,3.28,8.07,2.38
143,1,2,1,5,5,4,4,5,5,3,5,5,3,4,5,4
143,1,2,2,2.69,1.13,3.79,4.5,2,2.87,2.19,2.6,1.47,2.4,1.59,4.15,4.82
144,1,2,1,5,5,5,4,4,5,4,5,4,5,4,5,4
144,1,2,2,3.85,4.04,4.13,2.25,2.26,2.54,5.55,2.55,2.4,2.27,2.99,3.93,2.62
145,1,2,1,4,5,2,2,4,5,4,5,4,3,4,5,2
145,1,2,2,3.94,3.02,3.5,3.25,2.24,3.81,2.99,1.92,1.75,2.91,6.24,4.11,2.84
146,1,2,1,4,3,5,4,5,5,4,5,5,2,4,5,4
146,1,2,2,3.31,3.1,2.08,1.91,2.06,1.78,2.19,2.08,2.9,2.93,4.76,3.33,2.64
147,1,2,1,5,4,5,1,5,5,3,2,5,2,3,5,5
147,1,2,2,3.11,2.44,3.58,2.35,2.75,2.49,3.58,1.78,1.32,1.71,2.77,5.67,2.67
148,1,2,1,5,1,2,4,3,5,5,4,5,1,3,5,4
148,1,2,2,3.12,6.8,8.81,2.03,2.77,5.19,4.59,2.34,1.92,2.22,4.41,3.48,2.28
149,1,2,1,5,5,5,5,5,5,4,5,5,4,3,5,4
149,1,2,2,3.16,2.07,3.64,1.69,2.17,6.01,2.42,2.53,1.96,2.33,4.42,3.88,3.42
14,1,2,1,4,5,5,4,5,5,4,5,5,2,4,5,4
14,1,2,2,4.04,2,3.32,3.15,2.12,14.04,3.07,2.9,1.69,2.16,2.11,3.13,2.64
150,1,2,1,5,5,5,5,5,5,5,5,5,4,4,5,4
150,1,2,2,2.67,2.7,3.89,1.29,2.31,3.17,2.92,2.87,1.65,2.98,2.29,4.68,3.72
15,1,2,1,1,2,1,5,2,5,4,1,1,1,1,2,2
15,1,2,2,3.58,5.22,3.26,2.64,2.32,2.23,3.47,2.3,2.28,2.72,1.98,4.5,2.79
16,1,2,1,4,5,4,4,3,5,5,4,4,4,3,5,4
16,1,2,2,4.53,1.9,3.96,3.69,2.88,4.45,3.67,1.56,1.59,2.06,3.51,3.28,3.17
17,1,2,1,5,4,2,1,5,5,5,1,5,2,2,4,2
17,1,2,2,2.8,1.47,2.53,2.9,2.92,2.9,3.98,2.8,1.37,2.13,4.27,4.88,4.79
18,1,2,1,5,2,5,4,5,5,5,5,5,3,4,5,4
18,1,2,2,4.29,6.2,5.04,1.15,2.02,2.66,3.99,2.73,1.7,2.33,2.57,3.89,3.09
19,1,2,1,3,4,5,1,1,5,3,4,3,2,2,4,2
19,1,2,2,3.13,3.02,5.98,3.54,1.87,2.6,3.18,2.37,2.69,2.61,4.45,4.5,3.18
210,1,2,1,4,2,4,4,5,5,3,3,4,2,3,4,2
210,1,2,2,3.6,8.2,4.42,1.69,2.56,3.02,4.14,2.52,2.09,1.97,2.02,4.31,3.04
211,1,2,1,4,4,5,1,3,5,4,5,5,2,4,5,3
211,1,2,2,3.38,2.72,4.41,1.81,2.51,1.99,2.59,2.76,2.47,1.71,2.11,4.17,2.38
212,1,2,1,5,4,3,1,4,5,3,4,4,2,4,5,4
212,1,2,2,4.95,3.19,5.23,3.66,4.04,2.38,2.33,1.96,1.27,2.33,1.62,3,2.71
213,1,2,1,3,4,3,1,3,5,2,5,3,1,3,3,2
213,1,2,2,4.42,2.87,8.35,4.69,4.63,2.78,5.56,2.44,3.14,2.37,3.39,3.47,2.77
214,1,2,1,4,4,3,1,4,5,4,4,4,5,4,5,3
214,1,2,2,3.46,2.86,2.7,1.23,2.17,2.56,3.42,2.51,1.62,2.8,2.54,3.16,4.04
215,1,2,1,5,5,4,5,5,1,4,5,4,2,3,4,3
215,1,2,2,2.17,3.08,3.27,3.44,2.63,2.82,2.8,2.1,1.57,1.84,3.54,4.2,2.76
216,1,2,1,5,2,5,3,4,5,4,5,5,3,4,4,4
216,1,2,2,3.32,1.65,3.58,1.73,3.25,3.45,2.25,1.62,1.68,1.86,4.79,5.46,2.91
217,1,2,1,5,2,2,1,3,1,4,3,3,4,2,3,3
217,1,2,2,5.87,5.68,2.6,1.72,3.57,2.98,7.71,4.02,2.47,2.15,2.28,4.11,5.69
218,1,2,1,5,4,5,1,4,1,4,4,3,2,3,4,4
218,1,2,2,2.19,3.07,7.75,4.71,2.65,5.11,2.77,1.67,1.74,2.56,3.19,3.57,3.12
219,1,2,1,3,3,4,4,5,5,4,5,3,2,4,5,2
219,1,2,2,3.98,3.53,3.31,1.08,3.24,3.71,2.63,2.41,1.71,2.24,2.98,4.2,2.56
21,1,2,1,5,5,4,5,2,5,5,5,1,1,2,3,3
21,1,2,2,3.43,1.66,6.42,3.7,3.42,3.24,2.76,1.37,1.77,2.2,8.97,4.37,2.21
220,1,2,1,4,2,4,3,5,5,2,5,1,3,4,4,3
220,1,2,2,5.92,2.51,5.04,3.02,2.54,2.84,3.78,2.11,2.17,2.37,1.53,6.36,3.27
221,1,2,1,4,3,5,2,5,5,4,5,5,3,4,4,4
221,1,2,2,5.66,4.67,4.88,2.61,2.24,2.88,3.73,2.33,1.62,2.67,2.34,7.52,2.76
222,1,2,1,2,5,2,3,3,1,4,2,5,2,2,1,2
222,1,2,2,4.05,2.79,3.49,3.71,2.37,2.67,8.61,2.82,2.01,1.8,3.9,5.52,2.7
223,1,2,1,5,4,3,1,5,1,4,3,5,1,4,4,2
223,1,2,2,3.43,2.39,3.09,2.55,1.93,4.61,3.5,3.07,2.44,2.22,4.27,3.48,3.4
224,1,2,1,4,5,3,1,2,5,4,3,4,1,4,5,2
224,1,2,2,2.1,3.94,4.87,3.15,4.09,2.74,4.3,6.03,1.76,1.76,2.39,3.73,4.36
225,1,2,1,5,4,4,4,5,1,5,4,5,1,3,3,4
225,1,2,2,2.47,2.69,3.31,3.84,1.82,4.22,3.02,2.29,1.57,1.62,2.9,8.1,2.8
226,1,2,1,4,4,4,4,4,5,4,2,4,1,4,5,4
226,1,2,2,6.25,2.31,4.56,2.57,2.21,3.09,16.01,1.54,2.69,2.63,2.4,4.13,2.88
227,1,2,1,5,5,5,1,5,5,4,5,4,3,4,4,4
227,1,2,2,3.46,2.97,3.13,3.28,2.14,2.76,5.17,1.77,3.05,2.21,3.26,4.64,4.74
228,1,2,1,5,1,3,3,3,1,4,5,5,3,4,5,4
228,1,2,2,2.27,4.05,4.01,4.06,4.23,3.05,3.53,2.21,2.6,2.37,2.47,3.97,2.05
229,1,2,1,4,2,2,2,2,1,5,2,1,2,4,4,3
229,1,2,2,5.34,4.48,6.29,3.73,6.41,2.35,3.36,1.8,1.84,2.9,1.87,3.69,4.82
22,1,2,1,3,4,2,3,4,5,2,4,1,4,4,2,4
22,1,2,2,3.1,3.21,4.35,1.93,1.69,4.67,3.45,1.61,2.6,3.23,1.51,4.46,2.63
230,1,2,1,4,4,3,4,4,5,3,5,5,2,4,5,4
230,1,2,2,2.69,2.99,3,2.1,1.96,5.84,2.93,2.22,3.68,3.17,1.32,3.8,2.8
23,1,2,1,5,5,5,5,4,1,4,5,5,5,4,4,3
23,1,2,2,2.46,1.93,4.46,3.04,2.68,3.35,2.44,2.31,2.1,2.32,3.27,5.81,2.4
24,1,2,1,4,4,5,2,1,1,4,2,1,3,4,4,1
24,1,2,2,4.52,3.72,3.58,2.37,4.57,3.53,4.45,1.71,1.56,2.08,2.65,4.33,2.75
25,1,2,1,3,3,4,5,5,1,1,5,1,3,2,5,2
25,1,2,2,3.72,5.96,6.45,2.04,3.89,3.79,2.51,1.57,2.1,3.11,5.53,4.88,3.04
26,1,2,1,4,2,3,1,5,5,2,3,1,1,2,5,4
26,1,2,2,4.32,3.73,5.24,1.76,2.43,3.25,3.45,2.83,2.4,2.53,3.46,5.4,2.03
27,1,2,1,4,5,5,4,5,5,4,2,1,2,2,3,2
27,1,2,2,4.79,4.15,7.83,2.23,1.36,5.02,3.64,1.74,1.53,1.84,2.58,4.08,3.06
28,1,2,1,4,5,2,5,4,5,1,5,3,1,3,5,3
28,1,2,2,4.62,6.05,5.79,2.64,3.49,2.87,3.21,1.8,2.86,2.56,2.61,3.84,2.66
29,1,2,1,4,4,5,1,3,1,5,5,1,3,3,5,2
29,1,2,2,2.29,2.51,3.08,2.39,2.68,3.36,2.4,2.24,2.15,2.19,5.99,3.61,2.36
110,2,2,1,5,4,4,5,5,5,4,5,5,3,4,3,4
110,2,2,2,2.23,5.64,4.29,2.96,2.34,3.05,3.86,1.79,1.58,3.21,5.62,4.65,2.16
111,2,2,1,5,5,5,1,5,5,5,5,4,2,4,5,4
111,2,2,2,8.65,2.62,4.14,4.07,1.8,2.72,3.31,1.52,1.65,2.91,4.12,4.97,3.29
112,2,2,1,4,2,3,4,5,5,5,5,5,3,4,4,4
112,2,2,2,3.43,2.24,6.12,3.23,2.14,3.04,3.48,1.9,2.57,3.09,2.39,4.39,2.71
113,2,2,1,5,5,5,3,3,5,5,5,5,2,4,5,4
113,2,2,2,4.37,2.57,3.06,4.79,3.06,3.04,3.1,1.79,1.57,1.86,2.35,4.51,3.18
114,2,2,1,5,5,4,3,5,5,4,2,5,1,4,3,4
114,2,2,2,3.22,2.58,3.54,2.39,1.55,2.21,4.43,1.72,2.24,2.55,3.28,4.64,5.97
115,2,2,1,2,4,5,3,1,5,4,5,5,2,4,5,3
115,2,2,2,2.64,3.45,3.16,3.51,3.53,3.28,2.67,2.14,1.64,2.11,4.19,4.33,3.45
116,2,2,1,5,5,3,1,2,1,4,5,4,1,4,4,2
116,2,2,2,5.98,2.56,4.17,2.91,2.09,3.55,2.78,2.28,1.72,2.35,2.41,3.65,3.93
117,2,2,1,4,3,3,1,4,1,4,4,5,2,4,4,4
117,2,2,2,3.17,4.99,5.81,2.22,2.05,3.58,2.69,1.35,1.64,2.54,1.89,3.57,3.03
118,2,2,1,4,3,4,4,3,1,3,5,5,1,3,4,3
118,2,2,2,2.48,2.28,2.58,3.38,1.93,3.18,3.73,2.07,1.61,2.96,4.85,3.81,2.63
119,2,2,1,5,5,4,5,4,5,4,5,5,1,4,3,4
119,2,2,2,2.88,1.53,2.1,2.28,2.12,2.54,2.43,1.56,2.16,1.76,4.51,8.2,2.85
11,2,2,1,3,4,4,4,4,1,3,3,3,1,4,4,3
11,2,2,2,4.72,6.78,4.21,1.91,2.26,3.54,4.23,2.9,2.89,1.61,4.29,3.55,2.19
120,2,2,1,5,5,3,3,5,5,4,5,5,3,4,4,4
120,2,2,2,6.3,4.2,4.59,3.04,1.8,2.59,3.36,2.36,2.95,1.91,2.54,4.37,2.96
121,2,2,1,4,5,4,1,5,5,4,4,5,4,4,5,4
121,2,2,2,6.16,2.08,3.22,1.57,2.53,5.11,3.77,2.1,1.7,2.93,2.25,4.99,3.1
122,2,2,1,4,2,3,1,5,5,5,5,5,2,3,5,4
122,2,2,2,4.67,3.12,3.69,1.59,2.78,3.01,2.69,1.81,1.58,2.2,2.74,5.26,2.43
123,2,2,1,3,4,4,2,4,1,4,5,5,1,2,3,3
123,2,2,2,4.65,3.65,4.4,3.62,2.41,4.68,3.51,1.73,3.41,2.12,3,3.09,2.92
124,2,2,1,4,5,3,1,5,5,4,5,5,5,3,4,4
124,2,2,2,3.74,2.09,5,1.04,2.78,3.17,4.07,1.99,2.07,2.18,2.64,5.54,2.98
125,2,2,1,4,2,5,5,5,5,4,4,5,1,4,4,4
125,2,2,2,4.25,3.83,4.46,1.92,2.36,2.48,4.33,1.45,2.37,2.64,2.67,3.3,2.58
126,2,2,1,4,5,4,3,5,1,3,5,4,3,4,2,3
126,2,2,2,3.34,2.27,3.98,4.06,12.44,2.45,6.33,1.81,2.16,2.26,2.25,4.53,3.1
127,2,2,1,3,3,5,1,5,5,4,4,5,2,4,4,2
127,2,2,2,5.04,3.54,4.39,2.04,2.61,2.12,2.63,3.4,3.11,2.26,2.29,4.67,2.78
128,2,2,1,3,5,4,4,3,5,4,5,5,1,4,4,4
128,2,2,2,4.92,2.38,4.59,1.94,4.25,3.72,4.47,1.4,2.52,2.52,2.26,4.45,2.32
129,2,2,1,5,2,4,3,5,5,3,5,5,2,4,3,4
129,2,2,2,3.52,2.69,5.31,3.35,2,3.03,2.92,1.99,1.82,2.69,2.3,3.95,2.26
12,2,2,1,5,5,5,5,4,1,3,5,5,2,2,5,4
12,2,2,2,2.44,1.81,4.42,2.29,3.47,14.76,4.38,1.7,1.5,2.98,2.17,3.96,2.45
130,2,2,1,4,5,5,4,5,5,5,5,5,2,4,5,3
130,2,2,2,2.71,2.8,3.6,3.92,2.16,2.37,2.59,1.97,2.15,1.69,5.65,3.61,2.99
131,2,2,1,4,4,5,4,3,5,4,5,5,3,2,4,3
131,2,2,2,3.01,1.34,4.6,1.75,2.6,3.87,3.3,2.1,1.27,2.36,2.64,4.01,2.61
132,2,2,1,5,4,5,5,4,5,4,4,5,3,4,5,3
132,2,2,2,2.79,4.22,2.97,3.6,2.77,3.22,3.78,2.5,2.96,3.47,3.23,4.05,2.72
133,2,2,1,5,4,4,2,4,5,4,5,4,3,2,4,2
133,2,2,2,3.36,2.91,3.61,5.66,2.99,3.29,2.87,1.58,1.47,1.88,4.2,5.9,2.51
134,2,2,1,3,4,2,4,3,1,4,5,4,1,4,4,3
134,2,2,2,3.47,2.2,6.49,1.56,2.88,3.53,2.92,2.08,1.35,2.79,2.85,5.04,3.43
135,2,2,1,5,5,5,5,5,5,4,5,5,2,4,5,3
135,2,2,2,4.4,2.74,2.98,1.71,2.94,2.99,2.26,2.17,1.83,2.09,2.29,3.75,2.97
136,2,2,1,4,2,4,3,5,5,4,5,5,3,3,3,4
136,2,2,2,5.72,7.55,6.2,3.81,1.84,2.87,3.78,1.75,1.66,3.24,2.75,4.4,4.52
137,2,2,1,5,5,5,5,5,5,4,5,5,3,4,4,3
137,2,2,2,2.76,2.59,2.79,2.32,3.65,2.67,4.11,2.45,1.97,2.01,2.28,4.85,3.06
138,2,2,1,5,5,4,4,5,5,5,5,5,3,4,3,4
138,2,2,2,2.83,2.37,3.09,2.69,3.89,2.62,3.53,1.71,2.72,1.72,2.39,4.4,2.48
139,2,2,1,5,4,4,4,2,1,4,4,5,2,4,2,3
139,2,2,2,3.71,15.8,4.43,2.56,2.75,4.05,2.27,2.51,2.09,3.72,2.13,4.18,2.48
13,2,2,1,2,4,4,4,1,1,4,5,5,3,2,4,1
13,2,2,2,4.03,3.99,5.54,6.27,3.75,3.05,3.02,1.8,2.67,2.73,2.69,3.79,2.59
140,2,2,1,4,5,5,5,5,5,4,5,5,2,4,5,3
140,2,2,2,3.19,4.6,3,1.88,1.65,3.63,2.67,1.89,1.77,2.7,2.1,3.27,1.9
141,2,2,1,5,5,5,5,5,5,5,3,5,3,4,5,2
141,2,2,2,2.8,3.7,3.74,2.69,3.75,3.07,2.53,5.25,1.64,1.7,2.05,6.35,5.07
142,2,2,1,4,4,2,5,5,5,4,5,5,3,4,4,4
142,2,2,2,3.97,1.78,4.22,2.65,1.83,3.42,3.49,2.09,1.85,2.84,2.54,7.89,2.9
143,2,2,1,4,1,3,4,4,1,5,5,1,2,1,5,3
143,2,2,2,3.33,2.93,6.66,4.72,2.83,2.42,3.55,1.7,2.25,2.01,2.6,4.78,2.15
144,2,2,1,5,5,4,4,5,5,2,5,5,3,4,5,5
144,2,2,2,3.05,2.16,4.4,4.59,2.33,2.74,3.81,1.96,1.32,2.3,1.58,5.74,2.15
145,2,2,1,5,5,5,3,3,5,4,5,5,4,4,5,4
145,2,2,2,3.1,2.23,2.84,3.78,3.47,5.48,7.4,2.3,1.59,3.09,2.32,3.18,2.49
146,2,2,1,5,5,5,4,5,5,4,5,5,5,4,5,4
146,2,2,2,3.44,2.06,5.05,2.57,2.2,3.57,2.73,2.3,1.24,2.21,4.47,3.07,2.59
147,2,2,1,2,5,5,5,4,5,5,4,5,1,4,5,2
147,2,2,2,3.74,1.96,3.78,2.19,2.97,4.13,3.17,2.53,1.84,2.72,2.15,4.76,4.07
148,2,2,1,4,4,1,4,4,1,4,5,4,1,2,5,2
148,2,2,2,3.51,2.38,3.86,1.17,5.18,4.06,3.02,2.63,2.62,1.63,1.98,3.54,2.98
149,2,2,1,4,5,5,5,4,5,3,5,5,5,2,3,4
149,2,2,2,2.41,6.54,4.07,3.07,2.27,2.83,2.62,2.4,2,1.92,7.38,25.56,3.23
14,2,2,1,3,1,2,5,4,1,4,5,4,3,2,2,3
14,2,2,2,4.49,4.56,4.42,2.23,2.48,3.94,1.95,2.96,2.36,2.28,5.22,3.83,1.84
150,2,2,1,4,4,4,5,4,1,4,4,5,3,2,3,4
150,2,2,2,4.49,2.31,5.8,2.21,5.29,3.42,3.09,1.82,3.89,3,1.75,4.93,3.16
15,2,2,1,5,5,5,5,4,5,3,5,5,5,4,4,5
15,2,2,2,2.75,2.28,2.66,1.61,1.84,2.34,4.79,2.51,1.62,2.8,2.44,3.29,2.81
16,2,2,1,4,2,4,5,5,1,4,2,5,2,4,4,3
16,2,2,2,3.14,6.1,5.57,2.8,2.69,3.69,2.88,1.43,1.63,2.19,2.47,3.09,2.85
17,2,2,1,4,3,2,2,3,5,4,5,5,1,4,3,4
17,2,2,2,6.27,5.16,4.32,1.6,3.24,3.12,6.26,1.41,3,3.05,2.22,6.37,2.27
18,2,2,1,3,4,4,1,5,5,3,4,5,1,4,2,4
18,2,2,2,5.01,2.58,3.39,2.58,2,7.06,4.11,1.65,1.87,2.46,2.14,3.75,2.12
19,2,2,1,3,4,5,5,3,5,4,4,5,3,2,4,2
19,2,2,2,2.93,3.34,5.56,2.7,1.58,3.33,3.54,2.43,2.78,2.88,3,4.38,3.21
210,2,2,1,4,2,4,5,4,1,4,5,2,1,2,5,4
210,2,2,2,5.94,4,2.59,2.38,3.59,3.32,2.93,1.93,2.78,2.38,4.68,4.03,2.9
211,2,2,1,5,5,1,5,5,5,4,5,5,1,4,5,5
211,2,2,2,3.01,2.89,3.47,2.05,2.75,3.8,2.69,1.71,2.26,2.96,7.03,4.26,2.2
212,2,2,1,4,2,2,4,5,1,3,4,1,2,2,3,1
212,2,2,2,3.89,2.48,4.08,2.47,2.22,2.62,4.01,1.68,2.52,5.34,1.93,8.98,4.53
213,2,2,1,4,1,2,4,3,1,4,5,4,3,3,4,1
213,2,2,2,5.93,3.32,4.1,2.11,3.53,2.07,3.1,1.73,2.37,1.79,3.54,3.99,2.36
214,2,2,1,4,4,2,4,2,5,5,2,5,2,3,4,3
214,2,2,2,5.15,3.67,4.79,4.31,2.96,5.64,4.33,3.45,2.43,2.35,5.53,9.43,3.23
215,2,2,1,5,5,3,5,4,5,1,5,4,3,4,5,4
215,2,2,2,3.34,3.03,24.14,2.83,1.95,2.57,4.38,2.43,2.58,2.5,1.89,3.86,2.54
216,2,2,1,4,4,3,5,2,5,4,2,5,1,4,4,2
216,2,2,2,2.24,3.41,3.38,2.26,4.61,3.11,2.88,2.39,1.7,1.91,2.8,4.54,4.77
217,2,2,1,5,5,5,4,4,5,3,5,5,1,4,5,3
217,2,2,2,2.78,1.64,3.06,3.49,1.88,2.58,4.47,2.13,1.56,3.16,2.08,3.84,3.65
218,2,2,1,4,5,4,5,5,1,4,5,4,1,4,5,3
218,2,2,2,2.08,3.46,4.44,2.14,2.5,3.02,2.21,1.42,1.43,1.99,6.48,4.28,2.51
219,2,2,1,5,3,3,1,3,1,1,5,2,2,4,4,4
219,2,2,2,4.48,4.04,3.32,2.22,4.39,3.78,7.24,2.16,3.18,1.85,3.44,5.77,2.55
21,2,2,1,4,4,3,1,5,5,4,5,5,3,4,5,4
21,2,2,2,3.91,2.3,3.33,2.2,2.93,2.5,4.1,2.44,1.55,2.95,2.17,4.43,3.08
220,2,2,1,5,3,2,4,5,5,4,5,5,1,2,4,3
220,2,2,2,4.15,3.96,2.2,2.15,2.95,3.02,3.98,2.1,2.07,2.84,2.71,3.32,2.46
221,2,2,1,4,4,4,3,3,1,2,5,5,2,4,5,3
221,2,2,2,3,3.16,2.66,5.04,3.4,4.31,6.44,4.23,2.15,3.1,2.04,4.12,2.96
222,2,2,1,5,5,5,5,4,5,4,5,5,2,4,5,4
222,2,2,2,3.3,7.07,2.72,1.64,2.94,2.86,2.42,2.13,1.8,2.08,2.12,3.6,2.79
223,2,2,1,5,4,4,4,4,5,4,5,3,2,4,4,3
223,2,2,2,3.27,4.6,3.42,2.56,4.48,3.19,3.84,1.32,3.59,2.58,2.18,4.94,3.01
224,2,2,1,5,5,4,5,4,5,4,5,5,1,4,5,4
224,2,2,2,2.94,1.51,3.4,2.54,4.87,4.44,2.28,1.66,1.94,2.5,2.28,5.22,1.44
225,2,2,1,4,2,4,1,2,1,1,5,4,2,3,2,4
225,2,2,2,6.7,2.89,3.35,2.62,5.41,4.81,4.72,1.67,2.66,1.71,8.2,4.27,2.73
226,2,2,1,5,5,5,5,4,5,3,4,5,1,4,5,3
226,2,2,2,2.67,4.29,4.81,2.22,1.74,2.23,2.51,3.34,1.6,2.67,2.24,7.88,2.67
227,2,2,1,5,2,4,5,4,5,5,5,4,1,4,4,4
227,2,2,2,3.78,6.03,5.17,2.29,2.29,3.62,2.16,1.52,2.18,2.35,2.33,3.47,2.35
228,2,2,1,5,4,2,4,5,5,4,5,5,1,2,4,4
228,2,2,2,4.37,4.16,7.48,2.18,1.95,3.23,2.83,2.4,1.48,2.85,2.21,5.26,2.07
229,2,2,1,3,5,5,5,5,5,4,5,5,1,3,4,4
229,2,2,2,5.8,2.18,5.43,1.78,2.07,4.3,2.14,2.14,1.4,2.16,3.15,4.94,3.06
22,2,2,1,4,4,3,5,4,1,4,5,4,3,4,5,4
22,2,2,2,4.18,2.88,5.73,4.12,2.95,4.45,2.92,2.05,1.42,3.63,2.2,4.57,2.78
230,2,2,1,3,4,3,4,5,5,4,4,4,2,3,5,3
230,2,2,2,3.77,1.68,2.73,1.97,2.18,2.44,3.18,2.55,3.39,1.98,3.92,3.99,3.42
23,2,2,1,4,5,5,5,3,5,5,5,4,3,4,5,2
23,2,2,2,2.63,2.4,3.48,1.42,2.27,3.37,2.79,2.38,1.98,2.1,1.76,3.2,3.15
24,2,2,1,5,4,4,4,5,5,4,5,5,2,2,4,4
24,2,2,2,3.69,2.38,4.21,1.76,1.6,2.01,2.95,1.65,2.24,3.13,2.75,6.92,2.09
25,2,2,1,5,4,3,3,5,5,4,5,5,3,4,5,4
25,2,2,2,3.46,2.64,2.7,2.24,1.83,4.67,3.49,1.32,2.15,1.8,2.21,3.96,3.54
26,2,2,1,5,5,4,3,4,5,4,5,5,3,4,5,4
26,2,2,2,1.98,2.12,4.95,6.08,1.87,3.01,8.74,2.73,2.63,1.93,2.68,4.8,2.42
27,2,2,1,5,2,4,4,5,5,4,5,5,1,3,3,3
27,2,2,2,3.79,3.58,6.04,2.05,2.13,3.02,3.32,1.95,1.78,2.41,4.45,4.83,2.75
28,2,2,1,4,2,2,5,4,1,3,5,4,4,2,4,2
28,2,2,2,3.13,3.33,4.78,2.3,1.92,4.59,3.64,2.27,1.49,1.95,1.76,4.95,3.3
29,2,2,1,4,5,5,4,2,5,4,5,5,3,3,4,2
29,2,2,2,6.74,1.64,3.6,2.71,3.45,2.59,3.69,2.34,1.42,2.22,2.38,5.45,3.35
11,2,1,1,0,0,0,0,0,0,1,0,0,0,0,0,0
110,2,1,1,0,0,0,0,0,0,0,1,0,1,0,0,0
110,2,1,2,6.05,4.94,6.34,7.5,5.79,6.6,5.42,6.36,4.1,4.65,7.57,7.46,5.14
111,2,1,1,0,0,0,0,0,0,0,0,0,1,0,1,0
111,2,1,2,8.8,6.59,6.3,9.65,6.26,14.11,7.66,9.05,7.09,4.35,6.25,9.71,6.98
112,2,1,1,0,1,0,0,0,0,0,0,0,0,0,0,1
112,2,1,2,7.19,8.6,4.54,7.75,4.5,5.5,8.19,7.64,6.72,5.13,8.11,5.54,4.81
113,2,1,1,0,0,0,0,0,0,0,0,0,1,0,0,1
113,2,1,2,7.88,5.86,5.96,7.75,7.77,4.64,6.95,4.34,4.22,2.97,5.75,8.56,4.95
114,2,1,1,0,0,0,0,0,0,0,0,0,1,0,0,0
114,2,1,2,6.65,4.89,5.1,7.63,5.2,5.3,12.53,4.24,3.93,4.84,3.8,9.41,3.9
115,2,1,1,1,1,0,1,1,0,0,0,0,0,0,0,1
115,2,1,2,8.73,6.4,5.19,9.41,8.49,10.88,7.81,9.73,4.45,4.43,10.09,13.6,5.69
116,2,1,1,1,0,0,1,1,0,0,1,1,1,0,0,1
116,2,1,2,7.41,7.62,8.53,8.66,7.24,7.05,7.8,9.68,6.37,1.9,8.94,9.48,6.27
117,2,1,1,0,0,1,0,0,0,1,0,0,1,1,0,1
117,2,1,2,7.62,9.56,6.67,6.29,7.68,7.17,16.11,6.99,5.38,15.05,7.36,8.02,6.42
118,2,1,1,0,0,0,0,0,0,0,0,0,1,0,0,1
118,2,1,2,7.99,7.56,6.31,6.7,6.59,5.17,4.94,6.52,7.15,2.68,5.23,10.24,7.07
119,2,1,1,0,0,0,0,0,0,0,0,0,1,0,0,0
119,2,1,2,7.75,5.22,7.99,5.05,4.57,5.37,6.24,4.13,3.77,4.23,8.34,11.05,5.24
11,2,1,2,7.3,5.24,6.31,9.3,5.41,7.02,7.38,5.6,5.8,20.07,4.86,6.22,6.09
12,2,1,1,0,0,0,1,0,0,0,0,0,1,0,0,0
120,2,1,1,0,0,0,0,0,0,0,0,0,0,0,0,0
120,2,1,2,6.76,6.29,7.55,9.75,5.33,8.33,6.4,5.06,6.65,5.01,6.73,7.12,6.4
121,2,1,1,0,0,1,1,1,0,0,0,0,1,0,0,0
121,2,1,2,5.2,5.44,6.05,8.46,3.7,6.36,7.07,7.68,5.06,3.75,5.62,5.18,7.65
122,2,1,1,1,1,1,0,0,0,0,0,0,1,0,1,0
122,2,1,2,8.17,5.71,7.01,8.19,5.34,7.22,5.5,6.18,5.18,2.75,9.43,6.42,5.01
123,2,1,1,1,0,0,0,1,0,0,0,0,1,0,0,1
123,2,1,2,11.37,3.95,6.56,7.56,6.68,12.82,7.28,4.38,4.77,9.15,9.28,9.1,7.78
124,2,1,1,0,0,1,0,1,1,0,0,0,1,1,1,0
124,2,1,2,10.66,6.07,7.79,8.96,6.81,5.91,6.42,7.55,6.84,3.48,8.58,7.44,6.11
125,2,1,1,0,0,0,0,0,0,0,0,0,0,0,0,0
125,2,1,2,7.74,4.74,4.44,7.14,4.83,6.17,16.32,4.13,3.86,5.14,4.3,6.19,4.1
126,2,1,1,0,0,0,0,1,1,1,0,0,1,0,1,0
126,2,1,2,6.75,5.5,4.8,7.89,7.49,9.42,8.65,6.44,8.55,3.8,8.49,11.68,6.06
127,2,1,1,1,0,0,0,1,0,1,1,0,0,1,1,1
127,2,1,2,7.48,8.95,6.18,7.81,5.63,5.04,7.15,7.61,8.35,6.31,4.79,11.79,10.57
128,2,1,1,0,0,0,1,0,0,0,0,0,1,0,0,0
128,2,1,2,7.42,3.92,4.52,8.15,5.8,5.82,6.86,6.11,5.8,4.29,5.7,7.66,5.28
129,2,1,1,0,1,0,0,0,0,0,0,0,1,0,0,0
129,2,1,2,6.68,7.16,8.58,7.95,6.08,6.61,6.76,7.37,6.5,5.3,5.93,6.68,7.1
12,2,1,2,5.4,5.07,7.07,5.86,21.71,10.82,20.41,5.04,5.21,5.75,5.4,7.3,7.1
13,2,1,1,1,0,0,0,0,0,0,0,0,1,0,0,1
130,2,1,1,0,0,0,1,0,1,0,0,0,1,0,0,0
130,2,1,2,9.2,6.27,5.61,8.82,5.17,9.18,14.44,6.52,5.23,2.03,9.24,8.24,7.94
131,2,1,1,0,0,0,0,0,0,0,0,0,1,1,0,1
131,2,1,2,9.33,4.96,6.74,7.11,17.59,7.81,8.22,4.62,4.97,3.63,6.1,5.58,5.17
132,2,1,1,0,0,0,0,0,0,1,0,0,1,0,0,0
132,2,1,2,7.67,5.83,5.44,6.16,7.71,6.76,16.2,5.48,6.67,4.42,6.73,5.72,5.44
133,2,1,1,0,0,0,0,0,0,0,0,0,1,1,0,0
133,2,1,2,8.82,4.49,5.64,8.71,6.8,9.74,5.8,5.98,4.09,3.38,8.91,8.14,5.7
134,2,1,1,0,0,0,0,0,0,0,0,0,0,0,0,0
134,2,1,2,6.68,5.2,6.69,10.2,7.34,8.47,13.49,5.52,5.11,5.95,9.56,6.29,7.51
135,2,1,1,0,0,0,0,0,0,0,0,0,1,0,0,0
135,2,1,2,7.04,4.53,4.72,9.03,5.75,4.83,6.96,5.83,5.08,2.41,4.55,5.43,4.88
136,2,1,1,0,0,1,0,0,0,1,0,1,0,0,0,0
136,2,1,2,8.82,5.94,6.71,7.77,5.07,7.15,14.21,5.37,6.97,7.79,12.76,14.24,6.81
137,2,1,1,0,0,0,0,0,0,0,0,0,1,0,1,0
137,2,1,2,5.76,5.58,4.97,8.67,5.7,8.15,9.41,6.72,6.45,6.14,9.83,8.47,5.45
138,2,1,1,0,0,0,0,0,0,0,0,0,0,0,0,0
138,2,1,2,7.83,4.96,6.92,6.57,7.57,8.02,6.54,5.19,5.66,5.06,5.52,10.35,5.01
139,2,1,1,0,0,0,0,0,0,0,0,0,0,0,0,0
139,2,1,2,7.84,10.65,6.39,6.85,8.54,9.77,16.13,5.91,6.68,7.78,8.66,9.61,6.55
13,2,1,2,10.97,8.22,11.1,10.32,6.71,9.18,8.41,9.48,9.76,3.83,9.44,7.59,14.71
14,2,1,1,0,0,1,0,0,0,0,1,0,1,1,0,0
140,2,1,1,0,0,0,0,0,0,0,0,0,0,0,0,0
140,2,1,2,5.4,4.17,5.36,4.21,4.22,5.66,4.02,5.38,7.22,2.8,3.58,6.21,5.98
141,2,1,1,1,1,0,0,1,0,0,0,1,1,0,1,1
141,2,1,2,8.01,14.19,9.76,7.28,9.21,7.02,10.36,5.48,9.02,4.97,7.08,9.82,7.77
142,2,1,1,1,0,1,0,0,0,0,0,0,1,0,0,0
142,2,1,2,6.1,5.38,9.64,7.31,5.16,6.65,6.64,3.72,3.09,7.67,3.81,5.91,3.57
143,2,1,1,0,0,0,0,0,1,0,0,1,1,1,0,0
143,2,1,2,10.55,13.92,6.3,8.62,5.94,14.3,9.12,7.16,6.43,3.25,9.31,9.97,6.98
144,2,1,1,0,0,0,0,0,0,0,0,0,1,0,0,0
144,2,1,2,5.9,4.13,6.74,8.84,4.91,6.47,10.48,4.46,3.13,2.51,5.05,5.7,6.07
145,2,1,1,0,0,0,0,1,0,1,0,0,0,0,0,0
145,2,1,2,14.08,6.38,5.5,8.71,6.03,16.39,9.64,6.81,6.22,5.75,7.48,6.99,6.11
146,2,1,1,0,0,0,1,0,0,0,0,0,1,0,0,0
146,2,1,2,8.39,8.16,7.49,5.94,5.25,5.74,5.49,3.92,2.75,3.18,4.59,5.02,5.46
147,2,1,1,1,0,0,0,0,0,0,0,0,0,0,0,0
147,2,1,2,8.27,4.61,5.97,5.76,5.48,8.3,5.88,10.61,6.33,5.78,6.28,7.32,5.82
148,2,1,1,1,0,0,0,0,0,0,1,0,1,1,0,0
148,2,1,2,16.45,8.76,9.89,8.07,10,13.49,5.88,5.58,6.78,2.15,8.39,8.27,9.84
149,2,1,1,0,0,0,0,0,0,0,0,0,1,1,0,0
149,2,1,2,8.46,9.42,5.69,7.02,9.1,5.34,13.16,5.6,4.6,3.01,5.95,10.01,4.28
14,2,1,2,9.65,14.24,9.64,8.18,5.85,14.46,5.01,5.34,8.35,6.15,14.9,11.58,6.02
15,2,1,1,0,0,0,0,0,0,0,0,0,1,0,0,0
150,2,1,1,0,0,0,0,1,0,0,0,1,1,0,0,0
150,2,1,2,9.42,8.21,5.81,7.41,5.39,6.06,6.92,5.51,4.48,2.83,9.19,10.85,5.93
15,2,1,2,6.4,4.78,4.92,8.19,4.38,7.46,8.52,3.91,3.5,3.92,5.54,7.2,4.49
16,2,1,1,1,0,0,0,0,1,0,0,1,1,0,0,0
16,2,1,2,9.59,9.94,6.77,5.03,6.1,10.46,6.2,10.05,7.24,3.12,7.93,5.99,6.25
17,2,1,1,0,0,0,1,0,0,0,0,0,1,0,0,0
17,2,1,2,7.52,6.45,8.97,10.11,5.43,6.24,8.9,7.17,6.03,5.58,8.58,8.8,7.42
18,2,1,1,0,1,0,1,1,1,0,0,0,1,0,0,0
18,2,1,2,10.67,9.71,7.2,7.52,6.13,7.46,6.57,7.34,5.58,1.6,6.77,6.59,6.1
19,2,1,1,0,0,0,0,0,0,0,0,0,0,0,0,0
19,2,1,2,16.05,6.78,4.77,8.04,6.23,8.89,8.75,10.62,6.33,5.63,8,8.73,6.67
21,2,1,1,0,0,0,1,0,0,0,0,0,0,0,0,0
210,2,1,1,0,0,0,0,0,0,0,0,0,0,0,0,0
210,2,1,2,6.86,5.09,5.33,3.3,4.8,7.4,8.48,6.31,5.48,4.13,10.52,5.91,5.69
211,2,1,1,0,0,0,0,0,0,0,0,0,0,0,0,0
211,2,1,2,10.61,5.48,11.16,8.51,6.45,4.9,7.77,4.37,7.29,8.83,8.79,5.99,6.31
212,2,1,1,0,0,1,0,0,0,0,0,1,0,0,1,1
212,2,1,2,14.69,7.79,14.29,12.43,3.48,18.13,12.76,6.21,6.79,9.29,7.09,21.06,14.68
213,2,1,1,0,0,0,0,0,0,0,0,0,0,0,0,0
213,2,1,2,10.53,8.85,8.69,8.64,6.17,20.24,7.38,6.32,7.34,6.01,6.95,10.77,14.17
214,2,1,1,0,0,0,0,1,0,0,1,0,0,0,0,0
214,2,1,2,8.29,4.51,8.98,9.18,5.6,8.63,14.66,8.49,4.99,6.22,10.39,10.49,5.45
215,2,1,1,0,0,1,0,0,0,0,0,0,1,0,0,0
215,2,1,2,7.53,6.33,6.77,6.75,7.47,7.43,18.67,8.45,9.94,4.72,4.08,5.86,4.3
216,2,1,1,0,0,0,0,0,0,0,0,0,0,0,1,1
216,2,1,2,8.34,5.04,6.62,4.17,10.69,5.86,14.5,10.34,4.45,9.01,6.78,5.59,8.68
217,2,1,1,0,0,0,0,0,0,1,0,0,0,0,0,0
217,2,1,2,5.56,5.09,5.36,9.68,6.49,7.96,5.28,7.77,4.45,6.46,8.37,7.52,6.39
218,2,1,1,0,0,0,0,0,0,0,0,0,0,0,0,0
218,2,1,2,9.04,6.38,9.44,8.76,6,9.13,9.04,7.01,6.21,12.48,7.92,5.84,5.08
219,2,1,1,1,0,0,0,0,0,1,0,1,0,0,1,0
219,2,1,2,17.54,5.3,8.86,7.44,5.8,8.65,14.45,5.82,12.11,6.43,8.14,14.98,6.1
21,2,1,2,8.44,4.68,7.23,8.68,4.25,5.25,7.52,4.83,5.17,3.6,5.65,9.43,5.96
22,2,1,1,0,0,0,0,0,0,0,0,0,0,0,0,0
220,2,1,1,0,1,0,0,0,0,0,0,0,0,0,0,0
220,2,1,2,6.4,37.45,7.13,7.66,6.11,9.59,6.63,4.88,4.65,4.93,10.97,7.22,6.5
221,2,1,1,0,0,0,0,0,0,0,0,0,0,0,0,0
221,2,1,2,7.84,5.12,8,8.08,7.76,7.84,10.69,7.48,4.81,8.46,8.04,9.08,6.98
222,2,1,1,0,0,0,0,0,0,0,0,0,0,0,0,0
222,2,1,2,4.89,6.36,7.22,6,5.86,6.38,9.01,4.54,4.66,6.28,5.96,5.42,5.98
223,2,1,1,0,0,1,0,0,0,1,0,1,0,0,1,0
223,2,1,2,5.73,7.93,7.47,9.19,4.89,7.31,7.32,6.05,7.79,4.72,7.61,7.92,8.7
224,2,1,1,0,0,0,0,0,0,0,0,0,1,0,0,0
224,2,1,2,9.08,6.02,7.01,4.69,4.5,7.26,8.4,4.1,4.7,2.76,6.7,6.95,4.97
225,2,1,1,0,0,0,0,1,0,1,0,0,0,0,0,0
225,2,1,2,9.6,6.3,5.57,10.18,5.72,9.05,12.91,7.06,7.64,5.28,9.17,13.46,5.32
226,2,1,1,0,0,0,0,0,0,0,0,0,1,0,1,0
226,2,1,2,6.02,4.92,6.3,4.88,6.4,5.51,5.52,5.74,5.42,4.26,5.54,8.93,8.29
227,2,1,1,0,0,0,0,0,0,0,0,0,1,0,0,0
227,2,1,2,7.21,5.67,6.53,8.22,5.56,8.92,6.29,7.02,6.38,4.25,6.18,6.52,6.38
228,2,1,1,0,0,1,0,0,0,0,0,0,0,0,0,0
228,2,1,2,6.56,7.33,7.09,8.39,7.59,8.9,6.49,5.62,5.17,5.5,7.19,7.38,5.17
229,2,1,1,1,0,0,0,0,0,0,0,0,0,0,0,0
229,2,1,2,1.08,5.63,6.64,4.48,6.67,7.93,5.34,5.75,4.13,4.38,13.44,6.61,4.76
22,2,1,2,5.95,5.13,6.84,7.23,8.19,5.71,9.63,6.53,4.15,5.59,4.92,5.72,5.09
23,2,1,1,0,0,0,0,0,0,0,0,0,0,1,0,0
230,2,1,1,1,0,0,0,0,1,0,1,0,0,1,1,0
230,2,1,2,15.04,6.97,6.12,9.03,4.75,5.41,4.71,5.95,3.96,4.13,12.11,5.65,8.66
23,2,1,2,5.61,4.76,4.21,4.09,5.27,5.56,6.46,5.78,4.87,4.35,6.19,5.13,8.14
24,2,1,1,0,0,0,0,0,0,0,0,0,0,0,1,0
24,2,1,2,7.37,5.38,6.96,6.47,5.04,6.06,5.32,4.38,3.78,5.91,5.94,18.71,7.09
25,2,1,1,0,0,0,0,0,0,0,0,0,0,0,0,0
25,2,1,2,8.6,6.04,4.77,7.67,3.55,15.14,6.94,5.03,5.58,5.21,5.5,6.32,4.54
26,2,1,1,0,0,0,0,0,0,0,0,0,0,0,0,0
26,2,1,2,6.23,3.68,7.66,5.82,5.15,6.39,9.55,3.88,4.74,4.3,6.25,6.01,4.67
27,2,1,1,0,0,0,0,0,0,0,0,0,0,0,1,0
27,2,1,2,7.62,8.39,4.94,6.2,5.45,8.24,5.16,5.51,4.5,7.55,7.83,10.94,6.84
28,2,1,1,0,0,0,0,0,0,1,0,0,0,0,0,0
28,2,1,2,7.36,6.74,8.25,7.1,5.53,5.44,5.56,4.86,5.3,5.49,7.14,6.9,6.93
29,2,1,1,0,0,0,0,0,0,0,0,0,1,0,0,0
29,2,1,2,8.76,5.24,8.92,9.91,12.78,7.55,6.79,6.92,4.98,7.5,9,7.17,9.58
